week,fn,run_label,kernel,ARD,acq_fn,log_transform,n_obs,current_best,x1,x2,x3,x4,x5,x6,x7,x8,mu_pred,sigma_pred,log_marginal_likelihood
13,1,matern_ard_ei,Matern,True,EI,True,23,1.734548188306549e-05,0.704048,0.748838,,,,,,,39.611986,122.081949,-39.1841
13,1,matern_ard_ucb,Matern,True,UCB,True,23,1.734548188306549e-05,0.722448,0.796345,,,,,,,10.127623,161.710123,-39.1841
13,1,rbf_ard_ei,RBF,True,EI,True,23,1.734548188306549e-05,0.704285,0.753855,,,,,,,130.635987,104.271306,-42.012
13,1,rbf_ard_ucb,RBF,True,UCB,True,23,1.734548188306549e-05,0.700222,0.772398,,,,,,,106.631133,135.017732,-42.012
13,2,matern_ard_ei,Matern,True,EI,False,23,0.6585247368943732,0.999999,0.0,,,,,,,0.489576,0.273162,-8.9688
13,2,matern_ard_ucb,Matern,True,UCB,False,23,0.6585247368943732,0.999999,0.0,,,,,,,0.489576,0.273162,-8.9688
13,2,rbf_ard_ei,RBF,True,EI,False,23,0.6585247368943732,0.999999,0.0,,,,,,,0.483289,0.279894,-8.3373
13,2,rbf_ard_ucb,RBF,True,UCB,False,23,0.6585247368943732,0.999999,0.0,,,,,,,0.483289,0.279894,-8.3373
13,3,matern_ard_ei,Matern,True,EI,False,28,-0.0006043820964668,0.999999,0.999999,0.481765,,,,,,-0.004589,0.04015,-19.2564
13,3,matern_ard_ucb,Matern,True,UCB,False,28,-0.0006043820964668,0.999999,0.999999,0.484726,,,,,,-0.005198,0.040638,-19.2564
13,3,rbf_ard_ei,RBF,True,EI,False,28,-0.0006043820964668,0.0,0.0,0.060696,,,,,,-0.047892,0.080528,-17.209
13,3,rbf_ard_ucb,RBF,True,UCB,False,28,-0.0006043820964668,0.0,0.0,0.059031,,,,,,-0.048489,0.080955,-17.209
13,4,matern_ard_ei,Matern,True,EI,False,43,0.7419446573692956,0.412232,0.370055,0.381841,0.405217,,,,,0.965755,0.141329,18.4874
13,4,matern_ard_ucb,Matern,True,UCB,False,43,0.7419446573692956,0.420198,0.345513,0.384732,0.405667,,,,,0.889454,0.225224,18.4874
13,4,rbf_ard_ei,RBF,True,EI,False,43,0.7419446573692956,0.400597,0.392111,0.415537,0.430649,,,,,0.783244,0.274898,11.1589
13,4,rbf_ard_ucb,RBF,True,UCB,False,43,0.7419446573692956,0.39953,0.387381,0.420293,0.433639,,,,,0.773225,0.283751,11.1589
13,5,matern_ard_ei,Matern,True,EI,True,33,8662.405001248297,0.999999,0.0,0.999999,0.999999,,,,,2.868196,0.971855,-17.6383
13,5,matern_ard_ucb,Matern,True,UCB,True,33,8662.405001248297,0.999999,0.0,0.999999,0.999999,,,,,2.868212,0.971859,-17.6383
13,5,rbf_ard_ei,RBF,True,EI,True,33,8662.405001248297,0.999999,0.0,0.999999,0.999999,,,,,3.354507,0.961363,-15.5992
13,5,rbf_ard_ucb,RBF,True,UCB,True,33,8662.405001248297,0.999999,0.0,0.999999,0.999999,,,,,3.354506,0.961365,-15.5992
13,6,matern_ard_ei,Matern,True,EI,False,33,-0.2241102531960754,0.231557,0.0,0.999999,0.0,0.0,,,,-1.342494,0.48756,-10.7271
13,6,matern_ard_ucb,Matern,True,UCB,False,33,-0.2241102531960754,0.500086,0.404884,0.684794,0.727918,0.0,,,,-0.322631,0.068275,-10.7271
13,6,rbf_ard_ei,RBF,True,EI,False,33,-0.2241102531960754,0.360672,0.0,0.999999,0.0,0.0,,,,-1.19161,0.475334,-13.0299
13,6,rbf_ard_ucb,RBF,True,UCB,False,33,-0.2241102531960754,0.496504,0.417205,0.6893,0.71036,0.0,,,,-0.325397,0.079558,-13.0299
13,7,matern_ard_ei,Matern,True,EI,False,43,2.075529096566298,0.0,0.445375,0.432509,0.283431,0.293815,0.528062,,,2.031812,0.07708,-16.3605
13,7,matern_ard_ucb,Matern,True,UCB,False,43,2.075529096566298,0.0,0.448041,0.421722,0.2798,0.293068,0.513324,,,2.012349,0.091033,-16.3605
13,7,rbf_ard_ei,RBF,True,EI,False,43,2.075529096566298,0.0,0.395906,0.435626,0.287644,0.286129,0.57515,,,2.112199,0.041039,-17.6413
13,7,rbf_ard_ucb,RBF,True,UCB,False,43,2.075529096566298,0.0,0.427299,0.359213,0.25363,0.273863,0.524587,,,2.054049,0.09676,-17.6413
13,8,matern_ard_ei,Matern,True,EI,False,53,9.9563400999995,0.08041,0.14008,0.120049,0.0,0.652385,0.505144,0.156487,0.726731,9.897234,0.03697,42.1641
13,8,matern_ard_ucb,Matern,True,UCB,False,53,9.9563400999995,0.102993,0.155358,0.135232,0.15046,0.999999,0.497839,0.204204,0.626305,9.947373,0.015949,42.1641
13,8,rbf_ard_ei,RBF,True,EI,False,53,9.9563400999995,0.120625,0.190493,0.145424,0.16198,0.999999,0.999999,0.179697,0.543644,10.005265,0.027143,32.0608
13,8,rbf_ard_ucb,RBF,True,UCB,False,53,9.9563400999995,0.0,0.484481,0.019671,0.166602,0.999999,0.999999,0.047313,0.0,9.90024,0.111606,32.0608
