week,fn,run_label,kernel,ARD,acq_fn,log_transform,n_obs,current_best,recommendation,gp_mu,gp_sigma,log_marginal_likelihood,length_scales,timestamp
13,1,rbf_ard_ei,RBF,True,EI,True,23,1.734548188306549e-05,0.704285-0.753855,130.63598660579157,104.27130551621886,-42.01198546425812,0.050000-0.050000,2026-09-25 09:41:05
13,1,matern_ard_ei,Matern,True,EI,True,23,1.734548188306549e-05,0.704048-0.748838,39.61198601682281,122.08194863122927,-39.18412157653784,0.050000-0.050000,2026-09-25 09:41:06
13,1,matern_ard_ucb,Matern,True,UCB,True,23,1.734548188306549e-05,0.722448-0.796345,10.127623059782366,161.71012347219607,-39.18412157653787,0.050000-0.050000,2026-09-25 09:41:08
13,1,rbf_ard_ucb,RBF,True,UCB,True,23,1.734548188306549e-05,0.700222-0.772398,106.63113346461296,135.01773202086483,-42.011985464258146,0.050000-0.050000,2026-09-25 09:41:09
13,2,rbf_ard_ei,RBF,True,EI,False,23,0.6585247368943732,0.999999-0.000000,0.48328914858332345,0.2798938340048343,-8.337260017878362,0.077683-5.000000,2026-09-25 09:41:12
13,2,matern_ard_ei,Matern,True,EI,False,23,0.6585247368943732,0.999999-0.000000,0.489576191385632,0.27316191593420935,-8.968830694065113,0.099984-5.000000,2026-09-25 09:41:14
13,2,matern_ard_ucb,Matern,True,UCB,False,23,0.6585247368943732,0.999999-0.000000,0.4895761906339296,0.27316192618404794,-8.968830694065126,0.099984-5.000000,2026-09-25 09:41:16
13,2,rbf_ard_ucb,RBF,True,UCB,False,23,0.6585247368943732,0.999999-0.000000,0.483289140413534,0.27989383785280986,-8.337260017878318,0.077683-5.000000,2026-09-25 09:41:19
13,3,rbf_ard_ei,RBF,True,EI,False,28,-0.0006043820964668,0.000000-0.000000-0.060696,-0.04789186390273403,0.08052849743827192,-17.209044300897666,5.000000-0.719815-0.079459,2026-09-25 09:41:21
13,3,matern_ard_ei,Matern,True,EI,False,28,-0.0006043820964668,0.999999-0.999999-0.481765,-0.004589134360673125,0.040150292874255006,-19.256419627369972,5.000000-1.161355-0.126653,2026-09-25 09:41:24
13,3,matern_ard_ucb,Matern,True,UCB,False,28,-0.0006043820964668,0.999999-0.999999-0.484726,-0.005198469382336188,0.04063751401843058,-19.256419627370768,5.000000-1.161355-0.126653,2026-09-25 09:41:26
13,3,rbf_ard_ucb,RBF,True,UCB,False,28,-0.0006043820964668,0.000000-0.000000-0.059031,-0.04848876018014238,0.08095542331765226,-17.209044300896974,5.000000-0.719815-0.079459,2026-09-25 09:41:29
13,4,rbf_ard_ei,RBF,True,EI,False,43,0.7419446573692956,0.400597-0.392111-0.415537-0.430649,0.7832437695869299,0.27489791811288306,11.158914908704325,0.685457-0.729540-0.619797-0.634575,2026-09-25 09:41:33
13,4,matern_ard_ei,Matern,True,EI,False,43,0.7419446573692956,0.412232-0.370055-0.381841-0.405217,0.9657552782510255,0.14132915182942885,18.487363705297334,1.215500-1.033643-0.851143-1.021218,2026-09-25 09:41:36
13,4,matern_ard_ucb,Matern,True,UCB,False,43,0.7419446573692956,0.420198-0.345513-0.384732-0.405667,0.8894541700656742,0.2252240583879278,18.48736370525335,1.215500-1.033644-0.851144-1.021218,2026-09-25 09:41:40
13,4,rbf_ard_ucb,RBF,True,UCB,False,43,0.7419446573692956,0.399530-0.387381-0.420293-0.433639,0.7732246803899621,0.283751088480937,11.158914908796667,0.685457-0.729541-0.619797-0.634575,2026-09-25 09:41:43
13,5,rbf_ard_ei,RBF,True,EI,True,33,8662.405001248297,0.999999-0.000000-0.999999-0.999999,3.3545074144303166,0.9613629771922099,-15.599182532240569,1.685422-0.483758-0.630535-0.523677,2026-09-25 09:41:45
13,5,matern_ard_ei,Matern,True,EI,True,33,8662.405001248297,0.999999-0.000000-0.999999-0.999999,2.868195902919843,0.9718546199665844,-17.638309151326975,2.305677-0.651722-0.898411-0.741794,2026-09-25 09:41:48
13,5,matern_ard_ucb,Matern,True,UCB,True,33,8662.405001248297,0.999999-0.000000-0.999999-0.999999,2.868212489344849,0.9718588936315637,-17.63830915649892,2.305734-0.651734-0.898405-0.741807,2026-09-25 09:41:51
13,5,rbf_ard_ucb,RBF,True,UCB,True,33,8662.405001248297,0.999999-0.000000-0.999999-0.999999,3.3545055657053617,0.9613649897063774,-15.599182532563013,1.685425-0.483757-0.630537-0.523677,2026-09-25 09:41:54
13,6,rbf_ard_ei,RBF,True,EI,False,33,-0.2241102531960754,0.360672-0.000000-0.999999-0.000000-0.000000,-1.1916098602893956,0.4753336374470746,-13.029887037746338,0.496854-0.690347-1.057776-0.740805-1.369254,2026-09-25 09:41:57
13,6,matern_ard_ei,Matern,True,EI,False,33,-0.2241102531960754,0.231557-0.000000-0.999999-0.000000-0.000000,-1.3424943927135178,0.48756003815877763,-10.727078413557187,0.943009-1.157301-1.956827-1.350503-2.619950,2026-09-25 09:42:02
13,6,matern_ard_ucb,Matern,True,UCB,False,33,-0.2241102531960754,0.500086-0.404884-0.684794-0.727918-0.000000,-0.3226310625013694,0.06827492491440378,-10.727078413555116,0.943008-1.157301-1.956826-1.350502-2.619948,2026-09-25 09:42:06
13,6,rbf_ard_ucb,RBF,True,UCB,False,33,-0.2241102531960754,0.496504-0.417205-0.689300-0.710360-0.000000,-0.32539650160428313,0.07955766980414812,-13.029887038126642,0.496855-0.690343-1.057773-0.740805-1.369248,2026-09-25 09:42:09
13,7,rbf_ard_ei,RBF,True,EI,False,43,2.075529096566298,0.000000-0.395906-0.435626-0.287644-0.286129-0.575150,2.1121987224424346,0.041038671385383724,-17.641283239726448,0.623765-0.308811-0.650489-0.262519-0.248163-0.414324,2026-09-25 09:42:13
13,7,matern_ard_ei,Matern,True,EI,False,43,2.075529096566298,0.000000-0.445375-0.432509-0.283431-0.293815-0.528062,2.0318115883182886,0.07708033563351707,-16.36052131269139,0.719301-0.271385-0.862999-0.386024-0.341652-0.539054,2026-09-25 09:42:19
13,7,matern_ard_ucb,Matern,True,UCB,False,43,2.075529096566298,0.000000-0.448041-0.421722-0.279800-0.293068-0.513324,2.0123490981453407,0.09103324001053437,-16.360521312795576,0.719298-0.271385-0.862999-0.386024-0.341651-0.539054,2026-09-25 09:42:25
13,7,rbf_ard_ucb,RBF,True,UCB,False,43,2.075529096566298,0.000000-0.427299-0.359213-0.253630-0.273863-0.524587,2.0540491581515936,0.09675960904145517,-17.64128323970114,0.623765-0.308811-0.650489-0.262519-0.248163-0.414324,2026-09-25 09:42:29
13,8,rbf_ard_ei,RBF,True,EI,False,53,9.9563400999995,0.120625-0.190493-0.145424-0.161980-0.999999-0.999999-0.179697-0.543644,10.005264541895261,0.027143094258566813,32.06075554971368,0.953641-1.607345-0.663132-1.598538-6.431030-10.000000-1.195675-5.482065,2026-09-25 09:42:36
13,8,matern_ard_ei,Matern,True,EI,False,53,9.9563400999995,0.080410-0.140080-0.120049-0.000000-0.652385-0.505144-0.156487-0.726731,9.897233630094988,0.03696997271962714,42.16406311864473,3.439910-4.827600-2.588219-6.326551-10.000000-5.071631-3.461153-10.000000,2026-09-25 09:42:44
13,8,matern_ard_ucb,Matern,True,UCB,False,53,9.9563400999995,0.102993-0.155358-0.135232-0.150460-0.999999-0.497839-0.204204-0.626305,9.947373101602448,0.015949454958841452,42.164063124244215,3.439881-4.827587-2.588213-6.326481-10.000000-5.071614-3.461146-10.000000,2026-09-25 09:42:51
13,8,rbf_ard_ucb,RBF,True,UCB,False,53,9.9563400999995,0.000000-0.484481-0.019671-0.166602-0.999999-0.999999-0.047313-0.000000,9.900240401557745,0.11160635288731538,32.06075554971368,0.953641-1.607345-0.663132-1.598538-6.431030-10.000000-1.195675-5.482065,2026-09-25 09:42:56
