week,fn,run_label,kernel,nu,ARD,acq_fn,log_transform,neg_floor,noise,active,notes
13,1,rbf_ard_ei,RBF,,True,EI,True,-300,1e-8,True,Week 13 - final configuration
13,1,matern_ard_ei,Matern,2.5,True,EI,True,-300,1e-8,True,Week 13 - final configuration
13,1,matern_ard_ucb,Matern,2.5,True,UCB,True,-300,1e-8,True,Week 13 - final configuration
13,1,rbf_ard_ucb,RBF,,True,UCB,True,-300,1e-8,True,Week 13 - final configuration
13,2,rbf_ard_ei,RBF,,True,EI,False,,1e-8,True,Week 13 - final configuration
13,2,matern_ard_ei,Matern,2.5,True,EI,False,,1e-8,True,Week 13 - final configuration
13,2,matern_ard_ucb,Matern,2.5,True,UCB,False,,1e-8,True,Week 13 - final configuration
13,2,rbf_ard_ucb,RBF,,True,UCB,False,,1e-8,True,Week 13 - final configuration
13,3,rbf_ard_ei,RBF,,True,EI,False,,1e-8,True,Week 13 - final configuration
13,3,matern_ard_ei,Matern,2.5,True,EI,False,,1e-8,True,Week 13 - final configuration
13,3,matern_ard_ucb,Matern,2.5,True,UCB,False,,1e-8,True,Week 13 - final configuration
13,3,rbf_ard_ucb,RBF,,True,UCB,False,,1e-8,True,Week 13 - final configuration
13,4,rbf_ard_ei,RBF,,True,EI,False,,1e-8,True,Week 13 - final configuration
13,4,matern_ard_ei,Matern,2.5,True,EI,False,,1e-8,True,Week 13 - final configuration
13,4,matern_ard_ucb,Matern,2.5,True,UCB,False,,1e-8,True,Week 13 - final configuration
13,4,rbf_ard_ucb,RBF,,True,UCB,False,,1e-8,True,Week 13 - final configuration
13,5,rbf_ard_ei,RBF,,True,EI,True,,1e-8,True,Week 13 - final configuration
13,5,matern_ard_ei,Matern,2.5,True,EI,True,,1e-8,True,Week 13 - final configuration
13,5,matern_ard_ucb,Matern,2.5,True,UCB,True,,1e-8,True,Week 13 - final configuration
13,5,rbf_ard_ucb,RBF,,True,UCB,True,,1e-8,True,Week 13 - final configuration
13,6,rbf_ard_ei,RBF,,True,EI,False,,1e-8,True,Week 13 - final configuration
13,6,matern_ard_ei,Matern,2.5,True,EI,False,,1e-8,True,Week 13 - final configuration
13,6,matern_ard_ucb,Matern,2.5,True,UCB,False,,1e-8,True,Week 13 - final configuration
13,6,rbf_ard_ucb,RBF,,True,UCB,False,,1e-8,True,Week 13 - final configuration
13,7,rbf_ard_ei,RBF,,True,EI,False,,1e-8,True,Week 13 - final configuration
13,7,matern_ard_ei,Matern,2.5,True,EI,False,,1e-8,True,Week 13 - final configuration
13,7,matern_ard_ucb,Matern,2.5,True,UCB,False,,1e-8,True,Week 13 - final configuration
13,7,rbf_ard_ucb,RBF,,True,UCB,False,,1e-8,True,Week 13 - final configuration
13,8,rbf_ard_ei,RBF,,True,EI,False,,1e-8,True,Week 13 - final configuration
13,8,matern_ard_ei,Matern,2.5,True,EI,False,,1e-8,True,Week 13 - final configuration
13,8,matern_ard_ucb,Matern,2.5,True,UCB,False,,1e-8,True,Week 13 - final configuration
13,8,rbf_ard_ucb,RBF,,True,UCB,False,,1e-8,True,Week 13 - final configuration
